<annotation>
	<folder>train</folder>
	<filename>IMG_3238.jpg</filename>
	<path>E:\v2.0_rockbag_root\train\IMG_3238.jpg</path>
	<source>
		<database>Unknown</database>
	</source>
	<size>
		<width>256</width>
		<height>256</height>
		<depth>3</depth>
	</size>
	<segmented>0</segmented>
	<object>
		<name>bag</name>
		<pose>Unspecified</pose>
		<truncated>0</truncated>
		<difficult>0</difficult>
		<bndbox>
			<xmin>86</xmin>
			<ymin>155</ymin>
			<xmax>148</xmax>
			<ymax>209</ymax>
		</bndbox>
	</object>
</annotation>
