<annotation>
	<folder>train</folder>
	<filename>IMG_3232.jpg</filename>
	<path>E:\v2.0_rockbag_root\train\IMG_3232.jpg</path>
	<source>
		<database>Unknown</database>
	</source>
	<size>
		<width>256</width>
		<height>256</height>
		<depth>3</depth>
	</size>
	<segmented>0</segmented>
	<object>
		<name>bag</name>
		<pose>Unspecified</pose>
		<truncated>0</truncated>
		<difficult>0</difficult>
		<bndbox>
			<xmin>93</xmin>
			<ymin>162</ymin>
			<xmax>134</xmax>
			<ymax>191</ymax>
		</bndbox>
	</object>
</annotation>
