<annotation>
	<folder>train</folder>
	<filename>IMG_3174.jpg</filename>
	<path>E:\v2.0_rockbag_root\train\IMG_3174.jpg</path>
	<source>
		<database>Unknown</database>
	</source>
	<size>
		<width>256</width>
		<height>256</height>
		<depth>3</depth>
	</size>
	<segmented>0</segmented>
	<object>
		<name>rock</name>
		<pose>Unspecified</pose>
		<truncated>0</truncated>
		<difficult>0</difficult>
		<bndbox>
			<xmin>84</xmin>
			<ymin>52</ymin>
			<xmax>172</xmax>
			<ymax>204</ymax>
		</bndbox>
	</object>
</annotation>
