<annotation>
	<folder>train</folder>
	<filename>IMG_0640.jpg</filename>
	<path>C:\Users\CD\Desktop\rockbag_root\train\IMG_0640.jpg</path>
	<source>
		<database>Unknown</database>
	</source>
	<size>
		<width>256</width>
		<height>256</height>
		<depth>3</depth>
	</size>
	<segmented>0</segmented>
	<object>
		<name>bag</name>
		<pose>Unspecified</pose>
		<truncated>0</truncated>
		<difficult>0</difficult>
		<bndbox>
			<xmin>89</xmin>
			<ymin>126</ymin>
			<xmax>153</xmax>
			<ymax>182</ymax>
		</bndbox>
	</object>
</annotation>
